Time, temp,Carbon
1,-0.174916440002572,0
2,-0.0932424145925311,0
3,0.0274274861471457,0
4,0.0820681247036089,0
5,0.129750415442901,0
6,0.136328037734334,0
7,0.0589790462464331,0
8,-0.0617948999704149,0
9,-0.339056607251188,0
10,-0.744519842499508,0
11,-1.33158283657184,0
12,-2.00481100072051,0
13,-2.7141524361092,0
14,-3.4435936387598,0
15,-4.11713199038558,0
16,-4.70437062998227,0
17,-5.27326510022642,0
18,-5.67317025649582,0
19,-5.93189473739061,0
20,-6.14021251869914,0
21,-6.2575806621948,0
22,-6.27740815891179,0
23,-6.24992088607945,0
24,-6.22960298126999,0
25,-6.1238696570886,0
26,-5.96596764329165,0
27,-5.93549562279029,0
28,-5.88896741882003,0
29,-5.91896663486237,0
30,-5.83199025883884,0
31,-5.74032300333499,0
32,-5.63388640131389,0
33,-5.58019243174719,0
34,-5.56328332489413,0
35,-5.58136805639008,0
36,-5.59108027983495,0
37,-5.62122078434371,0
38,-5.71640190402703,0
39,-5.7509130872181,0
40,-5.81134842234202,0
41,-5.80441204283575,0
42,-5.72722327123213,0
43,-5.62719552105847,0
44,-5.43085953337192,0
45,-5.35091574806345,0
46,-5.27944054193982,0
47,-5.30029015379349,0
48,-5.3038175694558,0
49,-5.2069091983763,0
50,-5.11282742738733,0
51,-4.94613672882145,0
52,-4.82838908465568,0
53,-4.80149209608654,0
54,-4.79965013616216,0
55,-4.8768450633593,0
56,-4.92292261368826,0
57,-5.07899084730522,0
58,-5.21383742764918,0
59,-5.46001481749555,0
60,-5.64623729750095,0
61,-5.79945428341257,0
62,-5.893941770508,0
63,-6.0138225815415,0
64,-6.0619319142571,0
65,-6.11888890188644,0
66,-5.98923444433143,0
67,-5.82234669009056,0
68,-5.59489232904907,0
69,-5.33618731476233,0
70,-5.03195684176939,0
71,-4.6139237871811,0
72,-4.30831687465612,0
73,-4.00551201585087,0
74,-3.69548161007305,0
75,-3.29754185872622,0
76,-2.96669449368979,0
77,-2.78788817286314,0
78,-2.6050251673655,0
79,-2.47421734505529,0
80,-2.36024143538261,0
81,-2.31180496151823,0
82,-2.33628568009236,0
83,-2.34479098314882,0
84,-2.38759145856031,0
85,-2.55976054489399,0
86,-2.7160329479457,0
87,-2.85288181131573,0
88,-2.88685937523547,0
89,-2.82212233829952,0
90,-2.81908019686789,0
91,-2.76867073735165,0
92,-2.68026558934283,0
93,-2.59982836648703,0
94,-2.42281969749894,0
95,-2.24107726373035,0
96,-2.07183106643689,0
97,-1.88621219586721,0
98,-1.71577912864488,0
99,-1.60898866192648,0
100,-1.55112403624117,0
101,-1.49650674759493,0
102,-1.56491285121624,0
103,-1.5958922421906,0
104,-1.74844833281321,0
105,-1.82455257649901,0
106,-1.93585563126218,0
107,-2.05978849084933,0
108,-2.15430677641512,0
109,-2.21835590162548,0
110,-2.22991463198466,0
111,-1.92866119026058,0
112,-1.52283390703865,0
113,-1.11890914187992,0
114,-0.768124672702395,0
115,-0.479427002326338,0
116,-0.12245238966847,0
117,0.278967740582491,0
118,0.673344757640295,0
119,1.09970826935425,0
120,1.54238963901313,0
121,1.84995904084078,0
122,1.98295840900299,0
123,1.99166888415877,0
124,1.78138739147898,0
125,1.4947919453843,0
126,1.18418772897612,0
127,0.747626366059729,0
128,0.266592572687673,0
129,-0.295271753016492,0
130,-0.93999262072334,0
131,-1.73675110646263,0
132,-2.32707010226317,0
133,-2.91184053523467,0
134,-3.53494426640133,0
135,-4.10452935833816,0
136,-4.55049049610209,0
137,-4.82809446518691,0
138,-5.00325564056392,0
139,-5.12543386115675,0
140,-5.18640218389098,0
141,-5.24931843406873,0
142,-5.23640134636172,0
143,-5.33626797654684,0
144,-5.48264712316855,0
145,-5.57503360749683,0
146,-5.7118306406168,0
147,-5.79444487733673,0
148,-5.81611415107693,0
149,-5.53601010197256,0
150,-5.45450970112751,0
151,-5.28495961579057,0
152,-5.23833206235014,0
153,-5.33981818897259,0
154,-5.21072354627696,0
155,-5.12962041729658,0
156,-5.11794406382465,0
157,-5.27420514737152,0
158,-5.20103383042589,0
159,-5.12123289825559,0
160,-5.0905172250025,0
161,-5.06536015004831,0
162,-5.00032545854472,0
163,-4.9226066792423,0
164,-4.9597059788415,0
165,-4.98465110484626,0
166,-4.96102762001755,0
167,-4.96660913855081,0
168,-4.88197200794378,0
169,-4.82135606875323,0
170,-4.67230221631061,0
171,-4.70911219999221,0
172,-4.69961337896777,0
173,-4.7212930656225,0
174,-4.79135296376206,0
175,-4.69567090034242,0
176,-4.56345183087631,0
177,-4.46419320256748,0
178,-4.4276129644712,0
179,-4.45679659723171,0
180,-4.49199562433669,0
181,-4.53400808208892,0
182,-4.64342065006511,0
183,-4.70212841933017,0
184,-4.63850603589893,0
185,-4.54413474468507,0
186,-4.32992747457761,0
187,-4.03621382058859,0
188,-3.73018203059123,0
189,-3.49508722222591,0
190,-3.41395545088319,0
191,-3.2470876175707,0
192,-3.1702610787081,0
193,-2.89391236003597,0
194,-3.08414773024755,0
195,-2.82303053018221,0
196,-2.35772753138488,0
197,-2.06086211812192,0
198,-1.92648660398915,0
199,-1.88587470120511,0
200,-1.69564003817129,0
201,-1.82218362819395,0
202,-1.66875004866628,0
203,-1.48739064679363,0
204,-1.41412655101556,0
205,-1.40624376293136,0
206,-1.4652664157898,0
207,-1.42413182926606,0
208,-1.34909032042299,0
209,-1.26855911015498,0
210,-1.20574988097247,0
211,-1.10604348081645,0
212,-0.961224753003036,0
213,-0.949040140919223,0
214,-0.823580529649498,0
215,-0.599170584147177,0
216,-0.515473507341141,0
217,-0.541582579505131,0
218,-0.617440921047369,0
219,-0.84054191467817,0
220,-1.05999249439232,0
221,-1.46930941616336,0
222,-1.80745985420038,0
223,-2.38671778014492,0
224,-2.77102903800179,0
225,-3.11133041265892,0
226,-3.27650124686645,0
227,-3.30534502209204,0
228,-3.30451814843009,0
229,-3.09265563869291,0
230,-2.96551234189627,0
231,-2.46358263046815,0
232,-2.1348986857785,0
233,-1.78032258054082,0
234,-1.59046329336974,0
235,-1.31699239357354,0
236,-1.0703391452717,0
237,-1.08465538202279,0
238,-1.19079796785738,0
239,-1.40220165210345,0
240,-1.70713902366584,0
241,-1.95238402420462,0
242,-2.22201692923455,0
243,-2.52726767671172,0
244,-2.920195858007,0
245,-3.36870650461517,0
246,-3.85302926363023,0
247,-4.35396978146812,0
248,-4.64793303408009,0
249,-4.84439189978581,0
250,-5.0485316754716,0
251,-5.12225363467149,0
252,-5.02488519137087,0
253,-4.99252036149649,0
254,-5.11047062887657,0
255,-5.02030998496458,0
256,-5.01166090074407,0
257,-4.99554595807288,0
258,-5.00506511478272,0
259,-4.80814263424342,0
260,-4.80649036744258,0
261,-4.71404088538701,0
262,-4.57208995144113,0
263,-4.8146314016565,0
264,-5.08216116562155,0
265,-5.14166270375269,0
266,-5.30618557903341,0
267,-5.17466675627495,0
268,-5.10310024547867,0
269,-5.10054154968412,0
270,-5.06939030430191,0
271,-5.30973854492664,0
272,-5.30148785444442,0
273,-5.20072096627078,0
274,-5.19416901519478,0
275,-5.0423357250033,0
276,-4.78791561426389,0
277,-4.5779182016292,0
278,-4.55118149833143,0
279,-4.51836752583228,0
280,-4.41269169021665,0
281,-4.20520310108906,0
282,-3.98957600828333,0
283,-3.63237250448013,0
284,-3.15552203594197,0
285,-2.82905546896048,0
286,-2.59005577221497,0
287,-2.51519759422921,0
288,-2.61383139210735,0
289,-2.99905803059549,0
290,-3.36915359245861,0
291,-3.60034311672388,0
292,-3.80350559381071,0
293,-4.12209361670858,0
294,-4.45053848941753,0
295,-4.48892976718929,0
296,-4.38550863223569,0
297,-4.27071170856468,0
298,-4.1220177802173,0
299,-3.95854591889217,0
300,-3.83775765701689,0
301,-3.80437400517475,0
302,-3.66351739115945,0
303,-3.56111267787879,0
304,-3.29049733354989,0
305,-3.21872105108951,0
306,-2.90631271943901,0
307,-2.74301856794421,0
308,-2.6224646415208,0
309,-2.51221778213305,0
310,-2.37130891336993,0
311,-2.19799907641599,0
312,-2.23849606401126,0
313,-2.17400091985553,0
314,-2.07577787177511,0
315,-1.94552858391296,0
316,-1.82531134868733,0
317,-1.78846105141257,0
318,-1.72217866529096,0
319,-1.60801920952591,0
320,-1.43963620060483,0
321,-1.22403220462144,0
322,-0.988844399534864,0
323,-0.659765368797067,0
324,-0.504427403790397,0
325,-0.28326570580911,0
326,-0.0173370508790898,0
327,0.166309831078054,0
328,0.192503977728383,0
329,0.137133681737406,0
330,0.237951410557288,0
331,0.247406676889754,0
332,0.391195683597553,0
333,0.310108521843669,0
334,0.113827992191148,0
335,-0.309572249763555,0
336,-0.79144093025561,0
337,-1.32303690857816,0
338,-1.80371655460466,0
339,-2.05752805272204,0
340,-2.43752387921002,0
341,-3.11729038236524,0
342,-3.62842104258317,0
343,-4.21427917680248,0
344,-4.73330797503018,0
345,-5.00124863674955,0
346,-5.22617255191774,0
347,-5.26749240721938,0
348,-5.3872592911645,0
349,-5.45402117856179,0
350,-5.49897158562949,0
351,-5.58918876718157,0
352,-5.6745718889671,0
353,-5.55482802536257,0
354,-5.57087741441131,0
355,-5.58680642861443,0
356,-5.52100565025489,0
357,-5.50835832206726,0
358,-5.45624783005066,0
359,-5.46254777350839,0
360,-5.43381339950417,0
361,-5.69582683337122,0
362,-5.83863944632302,0
363,-6.02502349519456,0
364,-6.06601065184679,0
365,-6.16810559230545,0
366,-6.08439873212489,0
367,-5.85426427895612,0
368,-5.76037189078304,0
369,-5.63698012545413,0
370,-5.40537490708721,0
371,-5.25061418130162,0
372,-5.28980396821332,0
373,-5.34856827039814,0
374,-5.32612197037382,0
375,-5.10921301448784,0
376,-4.87560497393339,0
377,-4.66718116176656,0
378,-4.59161547448376,0
379,-4.54778453115474,0
380,-4.44135692991731,0
381,-4.27981102799432,0
382,-4.26587320684261,0
383,-4.06738606446365,0
384,-3.87409652003747,0
385,-3.96850393761147,0
386,-3.87552439494503,0
387,-3.60803542001073,0
388,-3.40660891081955,0
389,-3.36120800501055,0
390,-3.22611031563065,0
391,-3.15223504909218,0
392,-3.10816556049992,0
393,-2.69487135794295,0
394,-2.23541631990021,0
395,-2.00284762651776,0
396,-1.87296140329584,0
397,-1.43479567705322,0
398,-1.21215849800325,0
399,-1.07501784583133,0
400,-0.882263080795979,0
401,-0.625834163020179,0
402,-0.171561707758422,0
403,0.00901272677624518,0
404,0.0136519653165006,0
405,0.303991473552223,0
406,0.33002152214341,0
407,0.34296259219364,0
408,0.539238740420779,0
409,0.573371227434686,0
410,0.521317083451299,0
411,0.387098329515425,0
412,0.446659107828541,0
413,0.319493092128387,0
414,0.147608570667164,0
415,0.0618490957659807,0
416,-0.0392056918849373,0
417,-0.0665080256145304,0
418,-0.15117506946284,0
419,-0.322282072216567,0
420,-0.486751826129005,0
421,-0.771237614181847,0
422,-1.22878422707521,0
423,-1.4714477891127,0
424,-1.85218735111945,0
425,-2.49808979548105,0
426,-3.11931142623602,0
427,-3.38653794268219,0
428,-3.64164609322849,0
429,-3.9592257643097,0
430,-4.09567967517749,0
431,-4.35860553860068,0
432,-4.35569538078069,0
433,-4.59330598820714,0
434,-4.55298835423784,0
435,-4.76335769271615,0
436,-4.93655214236007,0
437,-5.04134352981536,0
438,-5.18995877720706,0
439,-5.14319725524655,0
440,-5.07427708730521,0
441,-4.88584979375523,0
442,-4.59783486355848,0
443,-4.43018909860859,0
444,-4.40265038069493,0
445,-4.42647671578905,0
446,-4.78621775386664,0
447,-4.81415472367969,0
448,-4.76421604662626,0
449,-4.88732868106704,0
450,-4.95547990178866,0
451,-4.82924556069976,0
452,-4.87059416577735,0
453,-4.99244476014221,0
454,-4.98808044318683,0
455,-5.22571612523234,0
456,-5.14188080652322,0
457,-5.2041591958371,0
458,-5.4425380688567,0
459,-5.43226231013581,0
460,-6.42709831925946,0
461,-6.27787071470481,0
462,-5.97687123535298,0
463,-5.74152763051568,0
464,-5.74093004755005,0
465,-5.77131085610399,0
466,-5.82706181997649,0
467,-5.98099358763325,0
468,-6.09373182668228,0
469,-6.12385967824329,0
470,-6.06258456593554,0
471,-5.99110752611011,0
472,-5.89777946012433,0
473,-5.92037678637911,0
474,-5.86587242071822,0
475,-5.787464589342,0
476,-5.90735155595623,0
477,-5.77593621920879,0
478,-5.48427450877359,0
479,-5.40931518921046,0
480,-5.18686567456707,0
481,-4.89066271513272,0
482,-4.52180427127312,0
483,-4.13667172521628,0
484,-3.5387552003009,0
485,-3.36089811086815,0
486,-3.28666421681551,0
487,-3.21065915528236,0
488,-3.0514416085733,0
489,-2.83957269807693,0
490,-2.62800472946598,0
491,-2.29238456792953,0
492,-2.22243153516381,0
493,-2.00293456587766,0
494,-1.87596247932522,0
495,-2.01048969327644,0
496,-2.21064458037581,0
497,-2.2653298104048,0
498,-2.29899807153949,0
499,-2.40002293311542,0
500,-2.39946191181475,0
501,-2.34945510931428,0
502,-2.26852918096224,0
503,-2.44496612954539,0
504,-2.32477245060984,0
505,-2.36337209905046,0
506,-2.36850894553972,0
507,-2.29111355545312,0
508,-2.25458837708589,0
509,-2.33659189878757,0
510,-2.48186358169548,0
511,-2.6505375881741,0
512,-2.85930067020831,0
513,-2.99191033962579,0
514,-3.18529254870947,0
515,-3.09890935592273,0
516,-3.05753203830734,0
517,-3.14922465839279,0
518,-3.26072856876924,0
519,-3.20481671122952,0
520,-3.25074275202741,0
521,-3.1450404170243,0
522,-3.11546890610561,0
523,-2.97498166073624,0
524,-2.91914099095097,0
525,-2.68763076706703,0
526,-2.69171080244338,0
527,-2.81356926076196,0
528,-2.93783619387393,0
529,-3.1253972022335,0
530,-3.23402561213662,0
531,-3.34427204287274,0
532,-3.32055516983751,0
533,-3.5791894051571,0
534,-3.58690774839864,0
535,-3.87315600254178,0
536,-4.14571047976864,0
537,-4.07984900994042,0
538,-4.34311801422901,0
539,-4.73535620564086,0
540,-4.99227539474991,0
541,-5.13398365510725,0
542,-5.15870383952924,0
543,-5.1148633437034,0
544,-5.10534289736066,0
545,-4.99802504188913,0
546,-4.93733979895752,0
547,-5.03635761948378,0
548,-5.13320856572579,0
549,-5.13868652460818,0
550,-5.04030267653342,0
551,-4.95825973531028,0
552,-4.94158137004167,0
553,-4.77178380513103,0
554,-4.74554108768362,0
555,-4.58662411574749,0
556,-4.43207282148658,0
557,-4.3560845452718,0
558,-4.4343262709227,0
559,-4.26833741274378,0
560,-3.88180592217117,0
561,-3.7104307199587,0
562,-3.628635994562,0
563,-3.59771687969524,0
564,-3.55971579309336,0
565,-3.52651800985757,0
566,-3.57395276031945,0
567,-3.42743965286102,0
568,-3.38374278479179,0
569,-3.36395254575888,0
570,-2.98214397933254,0
571,-2.38418950778783,0
572,-1.95846944278235,0
573,-1.45199849539296,0
574,-1.19097031455115,0
575,-0.993124875730392,0
576,-0.842345808048274,0
577,-0.807123744792075,0
578,-0.79604003587706,0
579,-0.579950919611324,0
580,-0.729511737595401,0
581,-1.12957997717281,0
582,-1.26048541255329,0
583,-1.19874631746421,0
584,-1.38467975073181,0
585,-1.40521178969421,0
586,-1.45585469193946,0
587,-1.52042476056309,0
588,-1.63855627312138,0
589,-1.77497253676157,0
590,-1.91699844608365,0
591,-1.91063255343912,0
592,-1.76110865012448,0
593,-1.65079169252572,0
594,-1.7170867211235,0
595,-1.55451081793581,0
596,-1.71688194085744,0
597,-1.73179817439085,0
598,-1.69225329774248,0
599,-1.47499478473307,0
600,-1.45152490296897,0
601,-1.44136537952263,0
602,-1.27137932224642,0
603,-1.08838948325956,0
604,-0.905277981053046,0
605,-1.00812752115536,0
606,-1.14500804333729,0
607,-1.14982000148144,0
608,-1.00092252725023,0
609,-1.019395423063,0
610,-0.993548133045016,0
611,-0.958931745775352,0
612,-0.867757888186791,0
613,-0.906185601256588,0
614,-0.893679942711365,0
615,-1.06211593147981,0
616,-1.18330185453218,0
617,-1.18653614328287,0
618,-1.11650472159224,0
619,-0.980701738583517,0
620,-1.06867054079363,0
621,-1.17078279431035,0
622,-1.47769101535356,0
623,-1.78632995088063,0
624,-1.88324142256009,0
625,-1.959264314392,0
626,-2.22468075416479,0
627,-2.65556609164756,0
628,-2.83088306663336,0
629,-3.18976262295156,0
630,-3.62202154538408,0
631,-3.89079825963503,0
632,-4.03276728283413,0
633,-4.17415441545643,0
634,-4.20557544306711,0
635,-4.2036973869705,0
636,-4.31725195585214,0
637,-4.49616331130483,0
638,-4.66678760940252,0
639,-4.75062496128347,0
640,-4.7368125470273,0
641,-4.69288871716025,0
642,-4.66093233177756,0
643,-4.56154566664637,0
644,-4.49450929380077,0
645,-4.25393318356804,0
646,-3.90696500219061,0
647,-3.66676934640979,0
648,-3.66724169439395,0
649,-3.62772090154337,0
650,-3.80760792238274,0
651,-3.85154408640392,0
652,-4.03961446583213,0
653,-4.22690693211834,0
654,-4.53614062357802,0
655,-4.60745717662394,0
656,-4.56632146254498,0
657,-4.60785781972622,0
658,-4.59408063242416,0
659,-4.64571811872757,0
660,-4.72605923878188,0
661,-4.70351838375616,0
662,-4.78551794144055,0
663,-4.87707285150389,0
664,-4.77769311071256,0
665,-4.73700818962332,0
666,-4.43095955580115,0
667,-4.14520561886036,0
668,-4.02923565935085,0
669,-3.93963602097755,0
670,-4.18103927608966,0
671,-4.33357292009087,0
672,-4.52745261985005,0
673,-4.22021056639688,0
674,-4.21055968308933,0
675,-4.14956392213755,0
676,-4.08457075302921,0
677,-3.94077092497515,0
678,-3.92010317061948,0
679,-3.97045319644995,0
680,-3.9547961182566,0
681,-4.01376751633263,0
682,-3.86092926387266,0
683,-3.7711885367963,0
684,-3.76148019532081,0
685,-3.74232917273086,0
686,-3.65451327062754,0
687,-3.64432913543256,0
688,-3.62204259287456,0
689,-3.48684578857596,0
690,-2.98408859285626,0
691,-3.03236585747275,0
692,-2.75848075793821,0
693,-2.50773017376342,0
694,-2.31106261558877,0
695,-2.34865209164744,0
696,-2.36731357742496,0
697,-1.99066893159323,0
698,-1.55004763729079,0
699,-1.64510978763253,0
700,-1.72786594715369,0
701,-1.62538948888942,0
702,-1.72378507024881,0
703,-1.5046870060735,0
704,-1.30875760947848,0
705,-1.21912820049653,0
706,-0.979226451456626,0
707,-1.19506822537988,0
708,-1.23980430070557,0
709,-1.29342821666337,0
710,-1.57376291998986,0
711,-1.97111055892693,0
712,-2.31169403853301,0
713,-2.75705668531621,0
714,-3.26832576166998,0
715,-3.30447322080462,0
716,-3.51795212835375,0
717,-3.69186029628976,0
718,-3.81075496856252,0
719,-3.93225781696172,0
720,-3.96258378393508,0
721,-3.95287683774283,0
722,-3.94770518865392,0
723,-3.96678236649806,0
724,-3.88594789237634,0
725,-3.9647204187351,0
726,-3.93283995222742,0
727,-3.83164727111655,0
728,-3.67790737583337,0
729,-3.66951349930314,0
730,-3.54766639033003,0
731,-3.54548218677131,0
732,-3.4659586540734,0
733,-3.4825726995005,0
734,-3.39426842676238,0
735,-3.145180327254,0
736,-2.97803701246796,0
737,-2.87227199003476,0
738,-2.97881726322075,0
739,-3.04908578879123,0
740,-3.17013859568455,0
741,-3.14775161410014,0
742,-3.14872336506626,0
743,-3.14345518463707,0
744,-3.01222871786142,0
745,-3.17330943043284,0
746,-3.18274061156777,0
747,-3.31182453354324,0
748,-3.33947806432808,0
749,-3.6211405679643,0
750,-3.78833241291766,0
751,-4.14281308594097,0
752,-4.57682231664532,0
753,-5.23277941500282,0
754,-5.67629268573487,0
755,-5.74269322701121,0
756,-5.76580488276068,0
757,-5.5447672680664,0
758,-5.21962156757215,0
759,-4.8840652535709,0
760,-4.35448814773335,0
761,-4.01764998835345,0
762,-3.61556032460011,0
763,-3.3911904322042,0
764,-3.18992541878316,0
765,-3.08382894883543,0
766,-3.08850485369511,0
767,-3.07243057554412,0
768,-3.29744013956115,0
769,-3.42796850143492,0
770,-3.21841479262904,0
771,-3.4472132758436,0
772,-3.46309205533777,0
773,-3.27942181495904,0
774,-2.84729234758281,0
775,-2.62401004549214,0
776,-2.50749641850327,0
777,-2.42353143064602,0
778,-2.32865975006429,0
779,-2.09775092440127,0
780,-2.14420271529039,0
781,-1.89712148360864,0
782,-1.91816498331381,0
783,-2.14115746800339,0
784,-2.08092002926021,0
785,-2.19913779439672,0
786,-2.45143870504386,0
787,-2.59397267538396,0
788,-2.77844646510179,0
789,-2.98695711331194,0
790,-3.21990153911467,0
791,-4.13680051989107,0
792,-5.1544149370022,0
793,-5.43625393185779,0
794,-5.58409099311395,0
795,-5.85653181481279,0
796,-6.04223920190077,0
797,-6.2495418981147,0
798,-6.53178734488794,0
799,-6.82456445584325,0
800,-6.94980975334791,0
801,-7.17746650956133,0
802,-7.21083997490398,0
803,-7.07000824927754,0
804,-6.22556234846809,0
805,-6.14070021278918,0
806,-6.0966262701611,0
807,-6.10641431765903,0
808,-5.78681459193065,0
809,-5.66679966264893,0
810,-5.64125489364814,0
811,-5.2190489508446,0
812,-4.98667313661811,0
813,-4.77941989615166,0
814,-4.54459136339513,0
815,-4.12321029678872,0
816,-4.05684012669931,0
817,-4.05269861659712,0
818,-3.96099083966337,0
819,-3.95113502865743,0
820,-3.7281599097253,0
821,-3.64916429158399,0
822,-3.57936695473536,0
823,-2.88076767711385,0
824,-2.36571120673623,0
825,-2.14588668152391,0
826,-2.03236055484734,0
827,-2.15262777717942,0
828,-2.25512307845771,0
829,-2.4435539252721,0
830,-2.71796856552518,0
831,-3.00896717581807,0
832,-3.11080230669237,0
833,-3.12675802374001,0
834,-3.28020344130948,0
835,-3.23184511663204,0
836,-3.35074867211472,0
837,-3.51117139351154,0
838,-3.39568528362466,0
839,-3.40265686520956,0
840,-3.30070961728092,0
841,-3.11953804589105,0
842,-2.82580658227998,0
843,-2.69475980734154,0
844,-2.69964176891016,0
845,-2.72385385663967,0
846,-2.74994005399458,0
847,-2.82788003190811,0
848,-2.97327786822303,0
849,-3.01645892679267,0
850,-2.848795039301,0
851,-2.49517865928152,0
852,-2.16758324859816,0
853,-1.98412057523553,0
854,-2.01413476394889,0
855,-1.80888880125927,0
856,-1.67006976220733,0
857,-1.55775114381929,0
858,-1.48481129745983,0
859,-1.75087912360383,0
860,-1.69740273337548,0
861,-1.58589829370377,0
862,-1.59169409001263,0
863,-1.6879201417521,0
864,-1.59656710184751,0
865,-1.73045726202649,0
866,-1.95439774910711,0
867,-1.9294897253891,0
868,-2.311310214763,0
869,-2.82332673001465,0
870,-3.22855823586024,0
871,-3.6877124601482,0
872,-4.15418059262914,0
873,-4.19998748445366,0
874,-4.53397516770835,0
875,-4.40556982559868,0
876,-4.3042182671254,0
877,-4.21808524559,0
878,-4.35244049894756,0
879,-4.40302654245663,0
880,-4.58436356205046,0
881,-4.64295951365549,0
882,-4.17463233989935,0
883,-4.29678879061593,0
884,-4.27113987523418,0
885,-4.18703862425923,0
886,-4.08929786458456,0
887,-4.14806204619552,0
888,-4.2551881468305,0
889,-4.40860635509036,0
890,-4.39232815348196,0
891,-4.62519364991901,0
892,-4.66826891388893,0
893,-4.69933352919725,0
894,-5.22876441887434,0
895,-5.53936157963583,0
896,-5.51059244252935,0
897,-5.54504514564196,0
898,-5.47278543336065,0
899,-5.35759385146016,0
900,-5.30764034709893,0
901,-4.87892686217775,0
902,-4.49622611598313,0
903,-4.44650099080083,0
904,-4.315286337394,0
905,-4.36354213193153,0
906,-4.59147102337937,0
907,-4.69056930199419,0
908,-4.24131258887036,0
909,-4.07756533831541,0
910,-4.04568729472573,0
911,-4.03260982068794,0
912,-4.16486816397879,0
913,-4.47279877571906,0
914,-4.80927760257608,0
915,-5.21901713008755,0
916,-5.44847533713249,0
917,-5.51968380352568,0
918,-5.95152448863378,0
919,-6.03122640701742,0
920,-6.20281042218147,0
921,-6.19737113171077,0
922,-6.38555154795097,0
923,-6.38750240664126,0
924,-6.28565386146318,0
925,-6.10756121985976,0
926,-6.0330645230331,0
927,-5.90861907541545,0
928,-5.85382932101,0
929,-5.82192420894649,0
930,-5.4416787271863,0
931,-4.89731294636752,0
932,-4.64108783851089,0
933,-4.35577961928578,0
934,-3.99617126523894,0
935,-3.85027744978988,0
936,-3.89190057078216,0
937,-4.03894408919603,0
938,-4.05858891185311,0
939,-3.93046477085483,0
940,-3.90355895540926,0
941,-3.4727186957391,0
942,-2.59840808318401,0
943,-2.37626696902528,0
944,-2.31286916641483,0
945,-1.8913774130009,0
946,-1.7134499965553,0
947,-1.35536055919457,0
948,-1.13829998059913,0
949,-1.06507502557917,0
950,-0.622632144617756,0
951,-0.131553179439301,0
952,0.150270780613061,0
953,0.451299252710753,0
954,0.564153598842966,0
955,0.261316022820361,0
956,0.316238901448688,0
957,0.113398944568563,0
958,0.0192415196437465,0
959,-0.801123454086091,0
960,-1.71087902855356,0
961,-2.03895797722978,0
962,-2.30940282763541,0
963,-2.76952510275079,0
964,-2.99565962714364,0
965,-3.44326875904035,0
966,-3.87967644128514,0
967,-4.2052644863212,0
968,-4.33135916513118,0
969,-4.4477609464663,0
970,-3.94457109123468,0
971,-3.71891891195409,0
972,-3.333324588684,0
973,-3.21048068564819,0
974,-3.15481536999519,0
975,-3.09703163757338,0
976,-2.72261220783319,0
977,-2.65671120645808,0
978,-2.5973993604049,0
979,-2.42398044716977,0
980,-2.56433073783605,0
981,-2.88194353019628,0
982,-2.95313063234724,0
983,-3.15092526234642,0
984,-3.24855983915762,0
985,-3.13676810771574,0
986,-3.22980437349481,0
987,-3.41333385694082,0
988,-3.27192494638891,0
989,-3.05681067430739,0
990,-3.17118711943142,0
991,-2.92845642580016,0
992,-2.85274297741613,0
993,-2.52957092289068,0
994,-2.41086124022979,0
995,-2.29505475879659,0
996,-2.30956655508972,0
997,-2.30312356883736,0
998,-2.27843509416656,0
999,-2.55346438471621,0
1000,-2.74019958676102,0
1001,-2.96926520740719,0
1002,-3.28934724276729,0
1003,-3.4228733706539,0
1004,-3.57758107368766,0
1005,-3.63181238806723,0
1006,-3.77895675241086,0
1007,-3.87551562371464,0
1008,-4.09447382782254,0
1009,-4.19193983827421,0
1010,-4.31572837274429,0
1011,-4.26769738540424,0
1012,-4.22647680290358,0
1013,-3.96680964988502,0
1014,-3.68894009210626,0
1015,-3.39746765946104,0
1016,-3.30090646278935,0
1017,-3.14276870672239,0
1018,-2.96272199057059,0
1019,-2.80348617902301,0
1020,-2.62519352265277,0
1021,-2.50925088345173,0
1022,-2.31808646901382,0
1023,-1.87697459083932,0
1024,-1.67737763518487,0
1025,-1.52384585606886,0
1026,-1.36273030421196,0
1027,-1.68566129476305,0
1028,-1.6815348228289,0
1029,-1.88498232841208,0
1030,-1.95859661807557,0
1031,-2.03809810936543,0
1032,-2.27954802876793,0
1033,-2.43987544015133,0
1034,-2.74100401938736,0
1035,-2.61441199873152,0
1036,-2.71676906799556,0
1037,-3.10422719402411,0
1038,-3.62919297406812,0
1039,-3.73471978985596,0
1040,-3.96063182926341,0
1041,-4.08316339159358,0
1042,-4.16992320375265,0
1043,-4.49820463042222,0
1044,-4.59731344229858,0
1045,-4.61130594143982,0
1046,-4.68130370174648,0
1047,-5.03242306179113,0
1048,-5.26254608093019,0
1049,-5.34658445984566,0
1050,-5.23925944786164,0
1051,-5.32883602412452,0
1052,-4.74962980029434,0
1053,-4.68587485668179,0
1054,-4.36602466305577,0
1055,-4.25275113243511,0
1056,-4.11503734914094,0
1057,-4.11415755346957,0
1058,-3.95910726830443,0
1059,-3.60139092281075,0
1060,-3.30454456914355,0
1061,-2.84715512266207,0
1062,-2.75229491797563,0
1063,-2.68699704623499,0
1064,-2.27502196460338,0
1065,-2.23556394583875,0
1066,-1.92224158792142,0
1067,-1.77062444994137,0
1068,-1.35052276064109,0
1069,-1.49365932023736,0
1070,-1.07829550686884,0
1071,-1.0608820258155,0
1072,-0.962023320280131,0
1073,-0.924817728290058,0
1074,-0.841297512416099,0
1075,-0.923423947368423,0
1076,-0.425273048862786,0
1077,-0.477446556335219,0
1078,-0.704443227278385,0
1079,-0.752398265003822,0
1080,-0.939058947648782,0
1081,-0.925655437886719,0
1082,-0.938904777290727,0
1083,-1.0835914524132,0
1084,-1.19399615676827,0
1085,-1.08915892938175,0
1086,-0.951129038412862,0
1087,-1.09765817780781,0
1088,-1.17189873581767,0
1089,-1.48304058043955,0
1090,-1.77422113548985,0
1091,-2.03185533334546,0
1092,-2.41653332191411,0
1093,-2.48630880327041,0
1094,-2.84507084983183,0
1095,-3.04352215759243,0
1096,-3.38205045757163,0
1097,-3.39355853448802,0
1098,-3.3394105839617,0
1099,-3.52544900171683,0
1100,-3.32697348608375,0
1101,-3.35659636650818,0
1102,-3.61870067828227,0
1103,-3.62730550181807,0
1104,-3.8132525690231,0
1105,-3.93191990063032,0
1106,-3.60328803518957,0
1107,-3.58749501318982,0
1108,-3.24417612037829,0
1109,-3.03468906454766,0
1110,-2.94960600415915,0
1111,-3.00085590880302,0
1112,-2.97505021213806,0
1113,-3.02496215880983,0
1114,-3.77218991573464,0
1115,-4.39744001914518,0
1116,-4.48311064083388,0
1117,-4.69139370266531,0
1118,-5.11551838698412,0
1119,-5.32987776127335,0
1120,-5.35541425801183,0
1121,-5.57178937592054,0
1122,-5.56579206632778,0
1123,-5.58439918790337,0
1124,-5.74259516780897,0
1125,-5.54460287310025,0
1126,-5.02647562951278,0
1127,-5.00499683101831,0
1128,-5.32042111353095,0
1129,-5.63586785743296,0
1130,-5.89319721933451,0
1131,-5.91555509672785,0
1132,-6.07642614054799,0
1133,-5.93971335449433,0
1134,-5.91537177636795,0
1135,-5.7607447611509,0
1136,-5.76299411868293,0
1137,-5.38734778463591,0
1138,-5.60296284550619,0
1139,-5.50035421230477,0
1140,-5.63623445558607,0
1141,-5.59180820973945,0
1142,-5.49792547864516,0
1143,-5.37940873659695,0
1144,-5.20616798791872,0
1145,-5.01496284357631,0
1146,-4.93227314766311,0
1147,-4.82209672458617,0
1148,-4.66453426310165,0
1149,-4.52567138930043,0
1150,-4.61360381639305,0
1151,-4.48391622248486,0
1152,-4.59127537158276,0
1153,-4.64728014059489,0
1154,-4.73202826188645,0
1155,-4.73939300440823,0
1156,-4.76912445618927,0
1157,-4.60839621834582,0
1158,-4.2897114045328,0
1159,-3.3207930310976,0
1160,-2.53291591123017,0
1161,-2.06223193112439,0
1162,-1.91258677080609,0
1163,-1.84162147185266,0
1164,-1.9548667652378,0
1165,-1.79277340955466,0
1166,-1.86364692076182,0
1167,-1.77115032715884,0
1168,-1.79059222255529,0
1169,-1.81367516104235,0
1170,-1.92759599191869,0
1171,-1.66847206836933,0
1172,-1.61752786375737,0
1173,-1.78789258607885,0
1174,-1.70089891965844,0
1175,-1.55464418781262,0
1176,-1.77841105068525,0
1177,-1.71338880133603,0
1178,-1.71140742546108,0
1179,-1.53032312289823,0
1180,-1.41912350646402,0
1181,-1.37902753889481,0
1182,-1.43877374912384,0
1183,-1.39658146481077,0
1184,-1.33819799437267,0
1185,-1.17130771477494,0
1186,-1.2172604967114,0
1187,-1.11682655832696,0
1188,-0.973585950912606,0
1189,-0.977469194609836,0
1190,-1.0187739171923,0
1191,-1.17915003025216,0
1192,-1.48135110434127,0
1193,-1.77144698793682,0
1194,-1.85244609524532,0
1195,-2.11330897625198,0
1196,-2.60387371854463,0
1197,-2.4304935238128,0
1198,-2.75364988859866,0
1199,-2.83390697630017,0
1200,-2.69294931173842,269.1344717
1201,-2.68748281735631,264.3329256
1202,-3.05752220404897,260.7620629
1203,-3.33518742082225,259.9483117
1204,-3.80078875468897,261.4238921
1205,-3.94902053557114,264.0636036
1206,-3.85309374117079,264.333924
1207,-3.67827452504777,253.7131204
1208,-3.43336601918007,241.7050892
1209,-3.37129347853726,237.9271011
1210,-3.39022938334566,231.2741784
1211,-3.35596027507065,220.3501512
1212,-3.32303347680704,202.404668
1213,-3.51397894250486,189.9793894
1214,-3.59458544649302,190.1074283
1215,-3.61827372631848,192.169303
1216,-3.99130104752159,189.7931901
1217,-4.03662119333127,188.0875268
1218,-4.09772431194016,189.2418773
1219,-4.26833043098283,186.4899324
1220,-3.97485290310264,182.3195471
1221,-3.75182923525244,184.8476733
1222,-3.49369100094444,188.7631325
1223,-3.53671577909888,190.63145
1224,-3.24168656550296,191.6845971
1225,-3.35204488400049,189.0434391
1226,-2.5880314129256,188.1951137
1227,-1.72375272156171,193.9327499
1228,-1.43849545616791,196.3005445
1229,-1.25118848088758,196.5437869
1230,-1.16797914994389,201.022959
1231,-0.941262261661421,201.9041835
1232,-0.801870903156236,206.6676677
1233,-0.940086885641597,209.8705759
1234,-0.489487022636083,205.0445293
1235,-0.349163291406223,197.8397251
1236,-0.458556326900372,200.8908814
1237,-0.400189026171838,202.3113073
1238,-0.438106617926268,203.755657
1239,-0.491768462988089,204.3948076
1240,-0.615453558833465,210.885274
1241,-0.704935466265342,217.9821513
1242,-0.886152048176062,211.4478347
1243,-0.952194669400758,204.9041342
1244,-1.21513905746863,202.3093056
1245,-1.28023854682841,204.8010855
1246,-2.68274892290493,209.0480693
1247,-2.95202604905128,216.0019123
1248,-3.15337712739793,221.5066284
1249,-3.67990807252783,219.8526536
1250,-3.81060849788678,214.2065216
1251,-3.8684935448968,210.8704457
1252,-4.26718782879113,215.1594171
1253,-4.57748747706944,222.3265238
1254,-4.9606624082102,226.7309836
1255,-5.40722234611963,218.7183419
1256,-5.78525174020614,211.8669255
1257,-6.03837685944823,206.7026764
1258,-6.241518709514,200.8946613
1259,-5.95678706834184,199.1342938
1260,-6.12980736460159,201.9515994
1261,-6.20305263290278,202.3906083
1262,-6.28297282862696,204.1776505
1263,-6.1257432602657,202.2654138
1264,-6.01269471132886,205.8512091
1265,-5.1299376008599,215.6998871
1266,-4.82098549010154,228.5811725
1267,-4.25119028935436,236.3131163
1268,-4.08545660980552,232.4122333
1269,-3.8640766708517,234.0775942
1270,-3.78624622673862,243.2147783
1271,-3.8316313613023,244.6721279
1272,-3.72088653456214,233.5884789
1273,-3.78394328969457,225.9935395
1274,-3.26830187024793,227.5725159
1275,-2.97028463360224,232.1609449
1276,-2.37709632684918,232.3623551
1277,-2.33885248015087,237.3381995
1278,-2.28250749782975,244.8169069
1279,-2.28076866386214,246.8458913
1280,-2.62391498391911,237.7639667
1281,-2.57436207989863,228.4564452
1282,-2.5965544696371,222.3637205
1283,-2.58028313215452,220.9215568
1284,-2.65019420471691,225.5928394
1285,-2.4648329063454,229.2298811
1286,-2.58447016180107,231.2283741
1287,-2.50748354960621,232.779714
1288,-2.58682101177509,234.251637
1289,-2.60761380962549,238.527604
1290,-2.82197906655518,242.8745184
1291,-2.83944217079942,245.5452396
1292,-3.06288913572944,243.4445242
1293,-3.36082265570963,241.1707004
1294,-3.66944422964542,243.059311
1295,-3.9744997386127,245.4469701
1296,-4.10851617575506,245.0946121
1297,-4.21233325924524,240.9899198
1298,-4.45125852308619,239.6988748
1299,-4.39278893800898,242.5621381
1300,-4.09603440119274,245.3672633
1301,-3.66176788879204,247.1910545
1302,-3.42806819278377,243.7588004
1303,-3.45928253820037,239.1865575
1304,-3.55882158551206,241.9663304
1305,-3.46463392353172,244.943137
1306,-3.35375178426401,249.9415128
1307,-3.10823664061528,258.7113084
1308,-2.93943409303061,261.7021436
1309,-2.82099572943097,265.9655061
1310,-2.72458316871897,273.180718
1311,-2.41744786245789,274.3468087
1312,-2.37138253862533,274.1924296
1313,-1.93986155740368,274.8852767
1314,-1.91496122715028,272.880401
1315,-1.49055534002825,272.6160423
1316,-1.21858454606842,276.372648
1317,-0.785245744046135,278.1681049
1318,-0.440364274871709,277.7054035
1319,-0.440451307489507,277.1790771
1320,-0.366132781559163,277.0228076
1321,-0.271934401945375,275.2722975
1322,-0.12152157050628,275.6035243
1323,-0.227593466639931,277.3401774
1324,-0.405115982392174,272.3433744
1325,-0.386271860335615,259.6922141
1326,-0.533564380891872,247.4633172
1327,-0.750595996383761,236.157611
1328,-0.966695872059522,227.9801152
1329,-1.06595822718107,222.0028201
1330,-1.52556138630749,215.5419483
1331,-1.62898280482019,207.0976499
1332,-1.72623947231229,201.8258751
1333,-1.92569902042929,199.2807666
1334,-1.9707132155913,197.2089469
1335,-2.28606007811405,195.4721144
1336,-2.42516807202168,194.9863649
1337,-2.46021977924679,195.5866783
1338,-2.66371105839251,195.5507957
1339,-2.86706416143359,195.3005323
1340,-3.00252801430774,195.0153404
1341,-2.90603542908659,194.6733495
1342,-3.01227544652268,195.2409682
1343,-2.9966554509975,197.3339463
1344,-2.77019553162287,199.6553851
1345,-2.78312646185392,201.3695734
1346,-2.50355378133324,202.0464086
1347,-2.26761439141873,201.5642812
1348,-2.12907731192415,199.4584721
1349,-1.6478274039712,197.3536828
1350,-1.86909177555351,195.2345411
1351,-1.80379187374659,192.5711966
1352,-1.53116684813863,190.1218653
1353,-1.42197423849556,188.3691499
1354,-0.731832307179165,187.4732319
1355,-0.312422933742773,187.0756493
1356,-0.0147523380177264,187.5820382
1357,0.0381863253556856,194.031564
1358,0.252081424378944,200.1579689
1359,0.427131847079747,199.3730027
1360,0.544691225644555,196.2053699
1361,0.695466180393585,192.0618364
1362,0.681096001797367,189.4656976
1363,0.600847272919015,188.4430453
1364,0.339914546605961,189.3664443
1365,0.186363198177985,191.9718398
1366,-0.189069521943851,195.5494828
1367,-0.594173532758577,197.4242794
1368,-0.840170057645755,197.620853
1369,-1.06700607041177,197.0381183
1370,-1.61987519488122,195.4956764
1371,-1.81522928431967,193.1395364
1372,-2.13833473526118,191.4729434
1373,-2.46497359476087,192.0986919
1374,-2.80476808209863,198.1040165
1375,-3.11088605246082,207.3522544
1376,-3.2194633108387,211.4568299
1377,-3.70130451677024,210.6508366
1378,-4.26227270605504,206.3337988
1379,-4.46189627677669,202.1767372
1380,-4.24186434618514,201.139996
1381,-4.07488701476156,202.9403144
1382,-3.95767946162946,206.5614774
1383,-3.78309949943629,212.9444066
1384,-3.68363807865097,220.4956358
1385,-3.75649455785785,226.054209
1386,-3.64473318213393,226.4969284
1387,-3.54957340720677,223.8481047
1388,-3.43303535858919,221.5326345
1389,-3.12813138605858,221.7952492
1390,-3.03919301571062,223.2059978
1391,-2.67045245544825,224.7725591
1392,-2.67177697172256,229.6042018
1393,-2.54574400346528,235.173983
1394,-2.12040190449562,238.8409271
1395,-1.8627118568127,242.615465
1396,-1.77104268714064,246.2812901
1397,-1.35164462936438,245.6379851
1398,-1.17494741540831,244.0154548
1399,-1.21318234381165,241.1484411
1400,-1.28379346766197,236.461797
1401,-1.33205148886631,233.0141446
1402,-1.15444129573534,232.3818848
1403,-1.31994216974794,234.6334993
1404,-1.56316092000074,238.4615482
1405,-1.49752220740685,242.6303677
1406,-1.77554267415994,245.7782031
1407,-1.66971485385793,247.2637269
1408,-1.70682579719407,247.5690471
1409,-1.84594368521124,246.5204828
1410,-2.21358517407499,244.7445222
1411,-1.85647710649278,244.8673813
1412,-2.00273369849097,246.3588661
1413,-2.10052853371928,246.5066752
1414,-2.1548770851593,242.4575078
1415,-2.28038489131686,229.4685462
1416,-2.73479401805472,216.6656048
1417,-2.77099906512571,211.8308443
1418,-2.93869062570318,209.3345275
1419,-2.94040993408644,207.6515078
1420,-2.74941644453564,208.1206096
1421,-2.47686005507402,213.4919527
1422,-2.40267099284906,221.4826482
1423,-2.12463767344124,228.0563013
1424,-2.06138787993438,230.3739557
1425,-2.39794475864528,230.524589
1426,-2.44094644712334,232.4365861
1427,-2.44585796815846,235.2872207
1428,-2.35509231688714,237.5665492
1429,-2.17359795187459,241.1364377
1430,-1.94411780381334,245.6850544
1431,-1.85756462658505,246.0824888
1432,-1.7418344893129,245.2903156
1433,-1.39698549604654,244.7753558
1434,-0.914152206874367,245.9839945
1435,-0.710393599176264,249.8150583
1436,-0.452686586853075,257.409832
1437,-0.409371327697456,265.8713783
1438,-0.346951157906098,267.604856
1439,-0.420874426655774,259.8845271
1440,-0.536801017638107,248.6422444
1441,-0.503735520838059,238.4737597
1442,-0.628695505141246,229.8133133
1443,-0.730030757261765,221.6361977
1444,-0.739235452261354,214.9398134
1445,-0.75912393871204,209.3998257
1446,-0.502529437509411,205.3104922
1447,-0.444778236410665,203.2483236
1448,-0.305108413861295,200.4650348
1449,-0.140588186607853,197.8822434
1450,-0.401153455116135,197.5051079
1451,-0.265162117278806,199.4472908
1452,-0.634206180057902,201.3744397
1453,-0.927912987229192,202.814182
1454,-0.954603255400534,204.4200834
1455,-1.33780296414443,206.4347214
1456,-1.87729300936378,208.1137138
1457,-2.01975073101347,209.9150266
1458,-1.94234386950545,213.3785421
1459,-2.26291205675824,217.8789671
1460,-2.05834946922583,215.5109244
1461,-2.2388623685771,208.2111028
1462,-2.25442384659779,201.9798868
1463,-2.17648927287459,195.6218544
1464,-2.04106746905452,192.151024
1465,-2.15916605363392,192.6002599
1466,-2.01270151432406,192.804065
1467,-1.77900302698339,191.033819
1468,-2.13350351791389,190.6760917
1469,-2.12480820898012,192.3946144
1470,-2.07807861836065,194.3421356
1471,-1.89769292636004,195.7057855
1472,-1.81884870514206,196.7732171
1473,-1.71475367065478,199.2394258
1474,-1.27493351711037,203.4082775
1475,-1.09468484362295,208.0214365
1476,-1.02250311132138,212.6759981
1477,-0.820236648460678,217.5897056
1478,-0.502915658079103,223.0628201
1479,-0.339379437289508,227.7767543
1480,-0.417071356440579,228.9639911
1481,0.157618659562555,228.8262127
1482,0.12523655789126,229.4045481
1483,0.296329171720991,230.1780116
1484,0.377780358432016,230.0219927
1485,0.478683475028737,226.9388367
1486,0.925640752453547,221.7878674
1487,0.564988398344802,215.4351452
1488,0.608080922942174,209.9222906
1489,0.684074610866222,208.2603716
1490,0.450691075156263,209.3781168
1491,0.266588680870263,211.5310759
1492,0.295193204984455,214.3755829
1493,0.055259855431262,218.9599
1494,-0.0107457112386041,223.7653836
1495,-0.489450409226757,228.4774958
1496,-0.588982833477326,233.2095243
1497,-0.886279682254737,236.4908754
1498,-0.835086663822116,238.2054493
1499,-1.09067482999858,240.3882717
1500,-1.19912158045672,243.4133272
1501,-1.32250409962651,245.076801
1502,-1.4886489341499,242.6472585
1503,-1.68795853461179,236.1295243
1504,-1.86930168217577,230.7059035
1505,-1.74933213785644,230.2441337
1506,-1.70833139833953,233.3740376
1507,-1.53771470276626,238.063794
1508,-1.15132195172634,243.2645692
1509,-0.634350178216859,248.7415053
1510,-0.43325145791162,253.1957153
1511,-0.582830767887423,255.7204685
1512,-0.678417872571698,256.2915312
1513,-0.580704095234522,253.0148145
1514,-0.560968769611822,247.2049625
1515,-0.754430585203999,245.3194734
1516,-0.704531807488558,248.3900454
1517,-0.503349747732501,252.2511895
1518,-0.287495638341241,256.1582009
1519,-0.388949532108014,258.9991674
1520,-0.317636872566808,260.802045
1521,-0.208694072766534,262.7004447
1522,-0.551508595557028,264.8888758
1523,-0.512527224358144,267.2841432
1524,-0.726659833423209,269.6415706
1525,-0.859475542698421,270.8342661
1526,-1.15812558298772,270.7602537
1527,-1.36386846067698,272.678363
1528,-1.72388833284693,277.6160162
1529,-2.22724280544753,282.7744667
1530,-2.36937466648689,285.1386334
1531,-2.75183089372161,282.5791595
1532,-3.07270578158787,274.7897196
1533,-3.09942546154441,263.1228573
1534,-3.28179448598824,250.6230279
1535,-3.59321038035925,242.0645149
1536,-3.57493327374941,238.7909027
1537,-3.31635105040835,236.5256543
1538,-3.37574762244815,226.8091582
1539,-3.25551325864146,214.4093946
1540,-2.87060600586419,207.2977469
1541,-2.48599302003803,206.4687298
1542,-2.24487463657927,209.0482573
1543,-1.94984965493102,213.1678531
1544,-1.4311422790989,217.1795955
1545,-1.80151111634961,219.6103969
1546,-2.62642946316267,220.0552526
1547,-3.10281627486218,218.533491
1548,-3.26137062134417,215.6812546
1549,-3.17372889858372,212.5868201
1550,-2.75427441105668,210.4219989
1551,-2.47428266519282,209.1122002
1552,-2.10974751782048,205.0790527
1553,-1.74055475776905,195.6443483
1554,-1.77997224727809,191.4804728
1555,-1.68572464104014,189.0603632
1556,-1.39437836593525,187.0531003
1557,-1.26840129898462,186.3500944
1558,-1.187187661771,187.9943647
1559,-0.692932494826257,194.2741198
1560,-0.522542231433534,199.759248
1561,0.0299642344290934,202.0562131
1562,-0.0217472946980792,204.6775517
1563,0.193963319663499,205.9675307
1564,-0.176711426552543,205.6199638
1565,-0.155660906378972,203.3379399
1566,-0.509150973012805,201.8911611
1567,-0.310519581083762,201.4571129
1568,-0.61729821717443,202.1618371
1569,-0.500145385660568,205.9748131
1570,-1.21050044074039,212.228964
1571,-1.58108117373727,218.518175
1572,-1.6262092407152,223.5652583
1573,-1.84708649491458,226.7891833
1574,-1.97014593163267,228.5346092
1575,-2.02071206741376,229.1245054
1576,-2.36492205274407,228.253065
1577,-2.70221763638366,228.5084022
1578,-2.67128668956736,230.9209496
1579,-2.69994602265981,234.9164445
1580,-2.77190078722185,238.3650118
1581,-2.39713558072455,240.4547018
1582,-2.23943262220771,242.8311841
1583,-2.20910689302158,245.0535728
1584,-1.98396487783738,246.0613002
1585,-2.24705241536462,247.8604075
1586,-2.2372820225027,254.7001985
1587,-2.29563568269757,259.867996
1588,-2.39213122127322,262.643942
1589,-2.55833516829295,264.7424415
1590,-2.2733954434201,265.1094138
1591,-2.10949639739819,265.6969301
1592,-2.05335520090417,272.4900897
1593,-1.92093572219879,276.4572218
1594,-1.86447845267735,277.9083324
1595,-2.10402804765109,279.5342879
1596,-1.8788104971108,280.6087758
1597,-1.98060938276399,280.1581492
1598,-1.69415288118517,278.7841987
1599,-1.48062057330597,278.2350702
1600,-1.75699916533467,279.0947605
1601,-1.15174809441721,280.737683
1602,-0.767225939003769,282.2339092
1603,-0.703882751269225,282.356246
1604,-0.650894407081599,281.1403711
1605,-0.229948072042947,280.7030674
1606,-0.167451417865916,281.0179058
1607,-0.0194452810407841,279.0411681
1608,0.0874308723476983,273.7997437
1609,-0.0555633097404073,271.0422454
1610,-0.241801688243123,271.4899417
1611,0.0341607447234896,272.6792761
1612,0.0587823725027743,273.1120791
1613,-0.0344043989163257,273.1625344
1614,-0.660842209000322,273.0763463
1615,-0.712573445088845,272.5293654
1616,-0.64254746766532,271.2003393
1617,-0.806236950870922,269.5289267
1618,-0.765852891728357,268.7629018
1619,-1.05006000791673,268.5976013
1620,-1.09718398911978,267.9954797
1621,-1.14666009826351,265.8472185
1622,-1.05016837216101,261.1098677
1623,-1.17712506949253,254.1837849
1624,-1.27783279082598,247.0790838
1625,-1.51425666260297,237.9186019
1626,-1.48554940231129,227.5587874
1627,-1.50698861002191,222.2334228
1628,-1.33728627502786,216.816022
1629,-1.13523673462881,211.8307149
1630,-0.469401079791302,209.743298
1631,-0.272557516831519,208.9295487
1632,-0.122079295253558,207.5372291
1633,0.141201069624976,204.9772619
1634,0.337291322028366,202.4437634
1635,0.106334616980405,201.4402557
1636,0.094528581741349,201.4249017
1637,-0.329563489012975,201.4795492
1638,-0.260810171575956,201.4542793
1639,-0.518996778921246,201.057083
1640,-0.578015543029103,200.3736059
1641,-0.594604894144042,200.411651
1642,-1.24018464727397,201.6381635
1643,-1.72413970402443,203.266096
1644,-2.06345698650216,204.4720805
1645,-2.32099579629907,204.2223013
1646,-2.16343267977333,203.1094066
1647,-2.55440100063946,202.6892164
1648,-2.83735083174451,202.3475656
1649,-2.65238972828698,200.6669338
1650,-2.68397384101358,197.8967958
1651,-2.73940819239216,196.2940825
1652,-2.70282728272351,197.8690568
1653,-2.79206328332284,200.8553289
1654,-2.73565324678077,202.8744611
1655,-3.01800135456064,202.2689974
1656,-3.06024208312279,198.612624
1657,-3.05797899470683,195.1307345
1658,-2.87968931553364,195.451332
1659,-2.64703983343296,199.4709237
1660,-2.73556569384163,203.6213049
1661,-2.78859649816068,205.9643888
1662,-2.73353608061751,206.2419923
1663,-3.02849182832052,205.3221194
1664,-3.07976569211688,205.8914562
1665,-3.07482960988651,209.6227967
1666,-3.00909218936228,216.3166225
1667,-2.84831226406976,225.3760435
1668,-2.61726296099167,234.174658
1669,-2.53160706856328,239.393869
1670,-2.50791970711061,239.7499714
1671,-2.20080372995337,236.8654225
1672,-2.22797527142244,235.1786162
1673,-1.67426319683565,234.8606404
1674,-1.46038276029326,232.6477423
1675,-1.21779947139598,228.67095
1676,-0.761347683007044,225.1365062
1677,-0.429762387221542,224.3498491
1678,-0.0912800668750355,226.4265243
1679,-0.0289741192288282,229.1017764
1680,0.0490666024563845,230.9539606
1681,0.0717460793102931,232.0532032
1682,0.00327219981740523,233.4006663
1683,-0.0393291756961495,236.5671805
1684,0.109559568983196,241.1491859
1685,0.305384155657877,244.2745352
1686,0.0956991300648931,245.1735843
1687,0.156036516095198,244.4463776
1688,-0.348897136659402,242.5602558
1689,-0.479311115882912,240.3811993
1690,-0.835771499487962,238.8553304
1691,-1.11269795754453,237.8427521
1692,-1.72156893055646,236.686836
1693,-2.28423308410484,234.9594115
1694,-2.59008141963069,232.8124691
1695,-2.93395627372821,231.0516205
1696,-2.95941630390117,230.3231091
1697,-2.48957978027627,230.6591089
1698,-2.54559655557748,231.5413131
1699,-2.37236033077536,232.5377216
1700,-2.18541052897076,233.5846451
1701,-2.1725277673931,234.7083258
1702,-1.98986295340906,235.910109
1703,-1.92565560049378,236.9704998
1704,-1.43118651709069,237.4436341
1705,-0.950848519192043,237.0073485
1706,-0.820846323987301,236.4124352
1707,-1.09792186799959,236.9431533
1708,-0.889689865405865,238.3075819
1709,-1.11952686741525,239.4435452
1710,-1.47420730743239,240.6850515
1711,-1.68938825939717,242.6492606
1712,-1.92041590821637,244.612794
1713,-1.88600765867562,245.6507746
1714,-1.94129679877607,245.9292321
1715,-1.76345090235476,245.8667295
1716,-1.84465107740649,245.3400729
1717,-1.68373460003625,244.0262821
1718,-1.75099553069911,241.170874
1719,-2.17633136189948,238.4323957
1720,-2.42344397630712,236.1280504
1721,-2.51767038185625,233.4319907
1722,-2.73432587616344,230.2874637
1723,-2.72233882329213,227.0870392
1724,-2.70965048304461,224.2590823
1725,-2.51719859030384,221.8811645
1726,-2.3812813347565,219.1215668
1727,-2.11993633776773,214.8244465
1728,-1.60507848583459,209.0044012
1729,-0.881955942335824,202.5462338
1730,-0.0881445820914463,197.7278321
1731,-0.0642397549320512,196.4842026
1732,-0.283085485679978,198.5308695
1733,-0.200021394971593,202.2620896
1734,-0.14768509191702,205.8329667
1735,-0.0905301214803997,208.6878872
1736,-0.142724454363713,209.8512285
1737,-0.417852846955862,208.5543071
1738,-0.21178397617684,206.5502978
1739,-0.351228384086086,206.3091924
1740,-0.405224244426028,207.7537999
1741,-0.435631003182924,209.0041576
1742,-0.352764786355571,208.9449914
1743,-0.349673342716286,207.7637366
1744,-0.497854744509404,207.3678354
1745,-0.678013812163169,209.5296634
1746,-1.02157849588882,214.0191022
1747,-1.34426330934382,218.9750394
1748,-1.33373974244622,221.7363025
1749,-1.31812653169341,223.3184905
1750,-1.4162237668027,227.1596195
1751,-1.58941144993201,234.820362
1752,-1.30126605923073,240.5185232
1753,-1.37080588594064,241.3708948
1754,-1.44974108764636,238.1097141
1755,-1.54640856307622,233.7330417
1756,-1.17948875696498,232.2813009
1757,-1.41480188754121,234.554945
1758,-1.62822195518283,239.0960365
1759,-1.42534045976117,244.3425169
1760,-1.37013360044778,248.8493479
1761,-1.10001415561934,251.741554
1762,-0.530498380033333,253.0070751
1763,0.218976181023339,253.0283726
1764,0.392012914128189,252.2583689
1765,0.679604771283913,251.406728
1766,0.388507981945512,250.7498827
1767,0.561886616237725,249.9996375
1768,0.64172047697012,249.5265161
1769,0.457007678422539,249.9545283
1770,0.910891184936226,250.8118116
1771,1.02538092370321,251.3489326
1772,1.22709992944301,251.3755945
1773,1.63052091759075,250.566483
1774,1.85356360046738,247.8495203
1775,1.94598498001277,242.1248361
1776,1.72123127176518,233.7689715
1777,1.53061655005863,224.1602332
1778,1.35665146947477,216.1228492
1779,1.23579531164676,212.044256
1780,0.637008080602628,214.5925727
1781,0.545052819527953,224.9638137
1782,-0.566237290581265,231.2313233
1783,-0.625394207764874,236.8961476
1784,-0.611430324265337,242.0930893
1785,-0.862609851469698,243.5696305
1786,-1.16802291131402,240.093034
1787,-1.25723094172233,234.2702339
1788,-1.11688781032872,232.4435042
1789,-1.0628217938126,233.3239754
1790,-0.99722266906068,231.6722472
1791,-1.15004345666569,226.3217218
1792,-1.00195310774787,221.3113299
1793,-1.22728576092639,220.5187641
1794,-0.97553775402128,223.3002021
1795,-1.12380425193522,227.1829568
1796,-0.956587282334197,231.2680688
1797,-1.13168185116351,234.9879692
1798,-0.844022654864243,237.8184401
1799,-0.739540003629499,240.3507747
1800,-0.772821677320013,243.3550668
1801,-0.656834234984267,246.7596237
1802,-0.465458983742045,250.4846322
1803,-0.166061771148813,254.2566773
1804,-0.00618205302021872,257.0009009
1805,0.513881460078685,258.1466819
1806,0.516126204905619,258.3861243
1807,0.492192206175932,258.2559575
1808,-0.198479238005746,257.4546313
1809,-0.176526783411827,255.6886551
1810,0.00296616191337163,253.8805336
1811,-0.0567670370568943,252.9736659
1812,-0.416223152522668,252.3957385
1813,-0.391275132439709,251.0736592
1814,-0.520999213037802,248.7804171
1815,-0.456665391618631,246.5024682
1816,-0.0283149603210308,244.4551276
1817,-0.0552974003928505,242.6839234
1818,0.0620451082098634,241.0415409
1819,0.0883077386049814,238.2980655
1820,0.255925390891455,233.5254968
1821,0.169082437956101,226.755959
1822,0.203137112644223,217.8368742
1823,0.52989172597926,208.7698775
1824,0.714141876655244,203.6224166
1825,0.581794475388941,201.9871573
1826,0.335412264057026,200.6565203
1827,0.327181104856202,198.5446305
1828,0.612271860412781,196.2393971
1829,0.501061811239088,194.9343139
1830,0.317346943403368,194.753735
1831,-0.0397320102957522,194.7008476
1832,-0.139363800203021,194.414239
1833,-0.228453885959428,193.2417288
1834,-0.0885694971430769,191.1389697
1835,-0.149917388001106,190.1641501
1836,-0.0435952646705229,190.5612067
1837,0.328369161131049,191.4444835
1838,0.141349956376286,192.5463266
1839,0.464166935873576,193.8428809
1840,0.738601881764549,193.970861
1841,0.675373055768714,192.7968143
1842,0.508436789690375,192.2175139
1843,0.793009542064751,192.9444335
1844,0.762180634250017,193.2926639
1845,1.09662313895594,192.3344826
1846,1.04942912270349,190.7519211
1847,0.941332252602343,189.6141997
1848,0.962840650497381,190.4315493
1849,0.928910916315813,193.2872064
1850,1.13211639586071,196.0762278
1851,0.909059202950557,195.9183943
1852,-0.115251141152497,192.8340641
1853,-0.996896364745111,189.6373603
1854,-0.812723035640896,187.9838854
1855,-0.523380265695907,188.6302995
1856,-0.877595584574762,190.3686244
1857,-0.460028242152617,191.2441541
1858,-0.922784515134492,190.888488
1859,-1.02220221459881,189.1262856
1860,-0.915397317813216,185.5814185
1861,-0.983138650705824,180.8797401
1862,-0.858255936887208,177.7290231
1863,-0.637927351145759,178.6762333
1864,-1.03634358264355,183.1473571
1865,-0.72959355626491,188.7044526
1866,-0.157544729655302,193.0489531
1867,-0.363590053886183,196.0053452
1868,-0.616933369109399,199.5485338
1869,-0.506046594999201,204.8430113
1870,-0.143321196510395,210.7811335
1871,0.175287038418425,216.0570483
1872,-0.0938550259687499,219.0776041
1873,-0.114609679103701,221.3977785
1874,0.069319969530875,225.2830347
1875,-0.23768888021831,228.446114
1876,-0.0912690044008373,228.1109289
1877,-0.173763992476849,225.1263098
1878,-0.0256409423185122,222.8382005
1879,-0.00556524195264062,222.5351127
1880,0.614663564720217,222.5687083
1881,0.574884311717187,222.6048304
1882,0.672352448395735,223.7963955
1883,0.66627675780366,226.3861029
1884,0.717068858674868,229.8081258
1885,0.645385512813928,233.4852746
1886,0.618448319992034,236.7705473
1887,1.13071006553967,239.0012079
1888,0.749928846568752,239.8553583
1889,0.769512511832144,239.7329571
1890,0.92442619429807,239.2278612
1891,1.00465533381273,238.8854216
1892,1.03669381208437,239.1314834
1893,0.949000431668317,239.5706456
1894,0.785435141283677,239.2242317
1895,0.645204094518638,237.717208
1896,0.281858705455213,235.4734798
1897,-0.218435821425814,233.4635776
1898,-0.709749113779488,232.7010274
1899,-0.793176851939823,233.2897719
1900,-1.44263642174902,234.5704595
1901,-1.29463827615273,235.6089851
1902,-1.36870570858815,235.6008886
1903,-1.43869180799383,234.4406961
1904,-1.12193355277449,232.428184
1905,-1.23426112137855,229.621911
1906,-1.04469388129113,226.8747777
1907,-0.492074964281836,225.314268
1908,-0.387849404927481,225.0731638
1909,-0.224799881925368,224.9154463
1910,0.432062161364203,222.3565129
1911,0.367750235788592,215.9628301
1912,0.299328993867131,207.0677934
1913,0.105700504126587,200.5857542
1914,0.0467170623845677,201.8439222
1915,0.127486055520951,208.7190952
1916,0.0903977772721183,214.4102607
1917,0.143853895950435,215.8193168
1918,0.0442160807424148,214.5265135
1919,0.174871852704841,212.9659184
1920,0.370034897219701,211.9258259
1921,0.692795350792799,211.3342707
1922,0.72885069718498,210.9346937
1923,1.12802419452348,210.6509864
1924,1.51068048081207,210.6785029
1925,1.25567085880886,210.8589477
1926,1.3649865431418,210.9963791
1927,1.12066259455615,210.9331498
1928,1.16524012464855,211.0489886
1929,1.24168006837329,212.366507
1930,1.52272711950255,213.9483886
1931,1.76282256923025,213.1686748
1932,1.43199203713535,208.5516813
1933,1.55031650548796,200.462455
1934,1.14222453196804,191.8625074
1935,0.511963282693146,186.9994656
1936,0.491097785441002,186.1871523
1937,0.447893992006239,187.0912814
1938,0.0694042251066668,187.8689381
1939,0.257631051811872,188.1911684
1940,0.430178760471607,188.3355195
1941,0.43658652538988,188.4548502
1942,0.176923746295433,188.4352608
1943,-0.0499896091707428,188.445498
1944,-0.274801567234631,189.073882
1945,-0.483075770138868,190.4409578
1946,-0.712198930746426,192.2148538
1947,-0.589610010519868,194.4870429
1948,-0.83151719347607,197.1161781
1949,-0.81930701648927,199.6415111
1950,-1.19174778982148,202.3544792
1951,-0.728251571487686,205.9755039
1952,-0.328521052036581,210.7896536
1953,-0.397688733138247,216.7152712
1954,-0.405080456108938,221.4774434
1955,-0.0605134854938296,223.0801209
1956,-0.297173117897767,221.8223279
1957,-0.0803264037733031,219.0369517
1958,0.385263466521532,218.4579376
1959,0.35936667490568,222.0368898
1960,0.58949319187638,226.2936923
1961,0.418865113723436,228.4410837
1962,0.731777451077709,228.0780814
1963,0.498988603267895,226.099464
1964,0.670973287520811,225.8787345
1965,0.924841678190584,229.3864255
1966,0.915455090971824,234.5374303
1967,0.877610573857786,238.7256514
1968,1.10931992252421,240.9846961
1969,0.986095669326842,241.3730923
1970,0.818171369933521,241.7397825
1971,0.921394829313608,244.1132222
1972,1.09049857179867,247.4476732
1973,1.62869149160555,250.6254474
1974,1.92803299951911,252.9280986
1975,1.97761828404498,253.9435609
1976,1.90515981223084,254.35435
1977,2.10272704091675,255.0079072
1978,1.81666121216196,256.2017273
1979,1.59389970334593,257.8727842
1980,1.76023233844205,259.7104383
1981,1.693141923398,261.7269065
1982,1.59362203381848,262.3980558
1983,1.71881812226095,258.5269174
1984,1.6270405542313,249.5843383
1985,1.35013791328582,238.9904221
1986,1.2610571716239,230.3050314
1987,1.18275116097087,223.3135763
1988,1.44202981763429,217.9819952
1989,1.48247459989914,213.9809699
1990,1.41239852268707,209.2557424
1991,1.34892656354036,204.2444086
1992,1.5196360772114,200.8146991
1993,1.28027225931281,199.5895997
1994,1.12976258821277,199.620448
1995,1.10747584662301,199.4462183
1996,0.777814357493859,199.386654
1997,1.17714830559986,200.7505923
1998,0.806447670724546,202.5350006
1999,0.813676606220062,203.6901819
2000,0.722613937492825,204.3633739
